type,link,last_accessed
Common,https://leetcode.com/problems/two-sum/,2025-06-10T04:32:24Z
Common,https://leetcode.com/problems/lru-cache/,2025-06-10T03:59:22Z
Common,https://leetcode.com/problems/merge-two-sorted-lists/,2025-06-10T04:32:24Z
Common,https://leetcode.com/problems/merge-k-sorted-lists/,2025-06-08T13:36:01Z
Common,https://leetcode.com/problems/design-hashmap/,2025-06-10T04:32:24Z
Common,https://leetcode.com/problems/design-hashset/,2025-06-10T03:59:22Z
Common,https://leetcode.com/problems/design-circular-deque/,2025-06-10T03:59:22Z
Common,https://leetcode.com/problems/reverse-linked-list/,2025-06-10T04:32:24Z
Common,https://leetcode.com/problems/reorder-list/,2025-06-10T04:32:24Z
Common,https://leetcode.com/problems/kth-largest-element-in-an-array/,2025-06-10T03:59:22Z
Linked List,https://leetcode.com/problems/remove-nth-node-from-end-of-list/,2025-06-10T03:10:23Z
Linked List,https://leetcode.com/problems/sort-list/,2025-06-10T03:59:22Z
Array,https://leetcode.com/problems/product-of-array-except-self/,2025-06-10T04:32:24Z
Array,https://leetcode.com/problems/first-unique-character-in-a-string/,2025-06-10T03:10:23Z
Array,https://leetcode.com/problems/top-k-frequent-elements/,2025-06-10T04:32:24Z
Array,https://leetcode.com/discuss/post/1201765/google-intersection-of-k-sorted-arrays-b-es8w/,2025-06-10T04:32:24Z
Tree,https://leetcode.com/problems/binary-tree-inorder-traversal/,2025-06-10T03:10:23Z
Tree,https://leetcode.com/problems/binary-tree-postorder-traversal/,2025-06-10T03:10:23Z
Tree,https://leetcode.com/problems/binary-tree-preorder-traversal/,2025-06-10T03:59:22Z
Others,https://leetcode.com/problems/top-k-frequent-words/,2025-06-10T03:59:22Z
Others,https://leetcode.com/problems/largest-number/,2025-06-10T03:59:22Z
Others,https://leetcode.com/problems/valid-sudoku/,2025-06-10T04:32:24Z
Others,https://leetcode.com/problems/sudoku-solver/,2025-06-10T03:10:23Z
Others,https://leetcode.com/problems/count-primes/,2025-06-10T03:10:15Z
Others,https://leetcode.com/problems/number-of-islands/,2025-06-10T04:32:24Z
Others,https://leetcode.com/problems/spiral-matrix/,2025-06-10T03:59:22Z
